claim_id,submitted_at,partner_id,sku,product_serial,days_since_purchase,claim_amount_inr,photo_attached,partner_inspected,claim_description,inspector_note,customer_prior_claims,source,score
WC713508,2026-09-26 23:17,SP3307,KH-WP-01,KH458362785,158,1642.0,N,N,burning smell,,1,crm,0.9999125703157057
WC712844,2026-08-30 21:16,SP3156,KH-CF-03,KH335478557,119,1561.0,Y,N,burning smell,,1,crm,0.9998957619204967
WC713032,2026-09-07 18:20,SP3319,KH-WP-01,KH476872249,21,3239.0,Y,Y,filter indicator stuck,"Customer has bill, serial verified",0,crm,0.9998666282361758
WC712921,2026-09-03 08:45,SP3129,KH-CF-03,KH-140910962,109,1182.0,Y,N,burning smell,,1,crm,0.9998276189200395
WC713034,2026-09-07 20:44,SP3231,KH-WP-03,KH418278679,90,2789.0,Y,Y,not charging,"Customer has bill, serial verified",0,crm,0.9998220121678226
WC712979,2026-09-05 14:27,SP3170,KH-WP-03,KH896152913,48,1995.0,Y,N,loud noise while running,,0,crm,0.9998149698236082
WC713449,2026-09-24 15:25,SP3194,KH-IC-02, KH209640905,18,581.0,Y,N,burning smell,,0,crm,0.9998077405013883
WC713452,2026-09-24 18:08,SP3346,KH-MG-02,KH430389584,57,1719.0,Y,N,not charging,,0,crm,0.999777783390414
WC713289,2026-09-17 15:12,SP3039,KH-CF-03,KH894088143,41,1396.0,N,N,tripping mcb,,2,crm,0.9997564394687689
WC712692,2026-08-24 13:15,SP3232,KH-WP-02,KH993222286,7,3075.0,Y,Y,not charging,"Customer has bill, serial verified",0,crm,0.9997387234038754
WC713036,2026-09-07 22:15,SP3105,KH-AF-01,KH614221283,68,981.0,Y,N,burning smell,,1,crm,0.9997083539244718
WC713515,2026-09-27 06:24,SP3287,KH-WP-01, KH513708465,81,1995.0,Y,N,display not working,,2,crm,0.999645947835118
WC712978,2026-09-05 13:50,SP3050,KH-WP-03,KH172328995,65,1995.0,Y,N,tripping mcb,,0,crm,0.9996028700235643
WC713106,2026-09-10 11:52,SP3315,KH-AF-02,KH-905828799,271,1995.0,Y,N,burning smell,,0,crm,0.9996026440169097
WC712900,2026-09-02 14:11,SP3170,KH-AF-01,KH428286113,290,1995.0,Y,N,burning smell,,1,crm,0.999596565699167
WC712480,2026-08-15 17:33,SP3039,KH-CF-02,KH604752067,9,1051.0,N,N,tripping mcb,,0,crm,0.9995629085769173
WC712907,2026-09-02 19:32,SP3286,KH-CF-02,KH288196544,108,1429.0,N,N,motor not running,,2,crm,0.9995580550579686
WC712926,2026-09-03 14:12,SP3294,KH-MG-02,KH612788054,475,1342.0,Y,N,burning smell,,1,crm,0.9995496076118092
WC712886,2026-09-01 23:57,SP3353,KH-IC-03,KH154039051,243,1094.0,Y,N,burning smell,,0,crm,0.9995405271848998
WC713117,2026-09-10 20:36,SP3129,KH-RH-02,KH946326370,9,1176.0,N,N,filter indicator stuck,,0,crm,0.999529075346682
WC712922,2026-09-03 10:34,SP3224,KH-CF-03,KH361864069,88,1149.0,N,N,filter indicator stuck,,0,crm,0.999466937400394
WC712780,2026-08-28 10:50,SP3160,KH-WP-02,KH695571673,109,1680.0,N,N,burning smell,,1,crm,0.9994259422382227
WC713238,2026-09-15 14:51,SP3226,KH-WP-02,KH-800559681,26,1380.0,Y,N,tripping mcb,,0,crm,0.999419940687348
WC712896,2026-09-02 10:31,SP3014,KH-AF-02, KH741324879,25,1178.0,Y,N,loud noise while running,,0,crm,0.9994094461706635
WC713473,2026-09-25 10:31,SP3118,KH-WP-01,kh999169667,65,1564.0,Y,N,display not working,,1,crm,0.9993992153832716
WC713485,2026-09-25 21:57,SP3007,KH-IC-01,KH167479630,17,869.0,N,N,motor not running,,0,crm,0.999374544955894
WC713122,2026-09-10 23:19,SP3129,KH-RV-01,KH919262245,84,1349.0,Y,N,motor not running,,0,crm,0.9993321445684191
WC713196,2026-09-13 14:59,SP3039,KH-AF-03,KH-921851789,101,1376.0,Y,N,remote not working,,0,crm,0.9992861686652476
WC712734,2026-08-26 11:06,SP3307,KH-WP-03,KH502074862,258,1366.0,Y,N,burning smell,,3,crm,0.9992424404233777
WC712987,2026-09-05 19:06,SP3149,KH-MG-02, KH588906802,209,2039.0,Y,Y,water leaking,"Customer has bill, serial verified",0,crm,0.9991830981837089
WC712955,2026-09-04 18:51,SP3287,KH-MG-02,KH921260374,210,1236.0,Y,N,loud noise while running,,0,crm,0.9991730499213444
WC713528,2026-09-27 20:20,SP3300,KH-AF-01,KH308803008,193,1959.0,N,N,unit not heating,,1,crm,0.9991711920048242
WC713071,2026-09-09 08:12,SP3252,KH-CF-02,KH540964143,96,1473.0,Y,N,display not working,,0,crm,0.9991624090231375
WC713052,2026-09-08 11:05,SP3286,KH-RH-02,KH858085953,184,1320.0,N,N,burning smell,,0,crm,0.9991588742541597
WC712918,2026-09-03 07:44,SP3232,KH-MG-01,KH849233130,101,1695.0,Y,N,blade jammed,,0,crm,0.9991568198843377
WC713342,2026-09-20 07:52,SP3232,KH-AF-02,KH131324347,284,706.0,Y,N,burning smell,,0,crm,0.999102508080576
WC712751,2026-08-27 04:29,SP3191,KH-WP-02,KH-263072348,169,1820.0,Y,N,burning smell,,0,crm,0.9990829290625386
WC712482,2026-08-15 17:59,SP3231,KH-CF-02,KH233032589,51,853.0,N,N,unit not heating,,0,crm,0.9990827644137713
WC711946,2026-07-24 19:38,SP3129,KH-CF-03,KH-890290613,12,1995.0,Y,N,unit not heating,,0,crm,0.9990709378439668
WC713573,2026-09-29 18:37,SP3160,KH-CF-03,KH945320144,98,962.0,Y,N,unit not heating,,0,crm,0.9990658568975075
